{"frames":[{"filename":"run-0","frame":{"x":0,"y":0,"w":32,"h":34},"rotated":false,"trimmed":false,"spriteSourceSize":{"x":0,"y":0,"w":32,"h":34},"sourceSize":{"w":32,"h":34}},{"filename":"run-1","frame":{"x":32,"y":0,"w":32,"h":34},"rotated":false,"trimmed":false,"spriteSourceSize":{"x":0,"y":0,"w":32,"h":34},"sourceSize":{"w":32,"h":34}},{"filename":"run-2","frame":{"x":64,"y":0,"w":32,"h":34},"rotated":false,"trimmed":false,"spriteSourceSize":{"x":0,"y":0,"w":32,"h":34},"sourceSize":{"w":32,"h":34}},{"filename":"run-3","frame":{"x":96,"y":0,"w":32,"h":34},"rotated":false,"trimmed":false,"spriteSourceSize":{"x":0,"y":0,"w":32,"h":34},"sourceSize":{"w":32,"h":34}},{"filename":"run-4","frame":{"x":128,"y":0,"w":32,"h":34},"rotated":false,"trimmed":false,"spriteSourceSize":{"x":0,"y":0,"w":32,"h":34},"sourceSize":{"w":32,"h":34}},{"filename":"run-5","frame":{"x":160,"y":0,"w":32,"h":34},"rotated":false,"trimmed":false,"spriteSourceSize":{"x":0,"y":0,"w":32,"h":34},"sourceSize":{"w":32,"h":34}},{"filename":"run-6","frame":{"x":192,"y":0,"w":32,"h":34},"rotated":false,"trimmed":false,"spriteSourceSize":{"x":0,"y":0,"w":32,"h":34},"sourceSize":{"w":32,"h":34}},{"filename":"run-7","frame":{"x":224,"y":0,"w":32,"h":34},"rotated":false,"trimmed":false,"spriteSourceSize":{"x":0,"y":0,"w":32,"h":34},"sourceSize":{"w":32,"h":34}},{"filename":"run-8","frame":{"x":256,"y":0,"w":32,"h":34},"rotated":false,"trimmed":false,"spriteSourceSize":{"x":0,"y":0,"w":32,"h":34},"sourceSize":{"w":32,"h":34}},{"filename":"run-9","frame":{"x":288,"y":0,"w":32,"h":34},"rotated":false,"trimmed":false,"spriteSourceSize":{"x":0,"y":0,"w":32,"h":34},"sourceSize":{"w":32,"h":34}},{"filename":"run-10","frame":{"x":320,"y":0,"w":32,"h":34},"rotated":false,"trimmed":false,"spriteSourceSize":{"x":0,"y":0,"w":32,"h":34},"sourceSize":{"w":32,"h":34}},{"filename":"run-11","frame":{"x":352,"y":0,"w":32,"h":34},"rotated":false,"trimmed":false,"spriteSourceSize":{"x":0,"y":0,"w":32,"h":34},"sourceSize":{"w":32,"h":34}},{"filename":"run-12","frame":{"x":384,"y":0,"w":32,"h":34},"rotated":false,"trimmed":false,"spriteSourceSize":{"x":0,"y":0,"w":32,"h":34},"sourceSize":{"w":32,"h":34}},{"filename":"run-13","frame":{"x":416,"y":0,"w":32,"h":34},"rotated":false,"trimmed":false,"spriteSourceSize":{"x":0,"y":0,"w":32,"h":34},"sourceSize":{"w":32,"h":34}},{"filename":"idle-0","frame":{"x":0,"y":34,"w":32,"h":34},"rotated":false,"trimmed":false,"spriteSourceSize":{"x":0,"y":0,"w":32,"h":34},"sourceSize":{"w":32,"h":34}},{"filename":"idle-1","frame":{"x":32,"y":34,"w":32,"h":34},"rotated":false,"trimmed":false,"spriteSourceSize":{"x":0,"y":0,"w":32,"h":34},"sourceSize":{"w":32,"h":34}},{"filename":"idle-2","frame":{"x":64,"y":34,"w":32,"h":34},"rotated":false,"trimmed":false,"spriteSourceSize":{"x":0,"y":0,"w":32,"h":34},"sourceSize":{"w":32,"h":34}},{"filename":"idle-3","frame":{"x":96,"y":34,"w":32,"h":34},"rotated":false,"trimmed":false,"spriteSourceSize":{"x":0,"y":0,"w":32,"h":34},"sourceSize":{"w":32,"h":34}},{"filename":"idle-4","frame":{"x":128,"y":34,"w":32,"h":34},"rotated":false,"trimmed":false,"spriteSourceSize":{"x":0,"y":0,"w":32,"h":34},"sourceSize":{"w":32,"h":34}},{"filename":"idle-5","frame":{"x":160,"y":34,"w":32,"h":34},"rotated":false,"trimmed":false,"spriteSourceSize":{"x":0,"y":0,"w":32,"h":34},"sourceSize":{"w":32,"h":34}},{"filename":"idle-6","frame":{"x":192,"y":34,"w":32,"h":34},"rotated":false,"trimmed":false,"spriteSourceSize":{"x":0,"y":0,"w":32,"h":34},"sourceSize":{"w":32,"h":34}},{"filename":"idle-7","frame":{"x":224,"y":34,"w":32,"h":34},"rotated":false,"trimmed":false,"spriteSourceSize":{"x":0,"y":0,"w":32,"h":34},"sourceSize":{"w":32,"h":34}},{"filename":"idle-8","frame":{"x":256,"y":34,"w":32,"h":34},"rotated":false,"trimmed":false,"spriteSourceSize":{"x":0,"y":0,"w":32,"h":34},"sourceSize":{"w":32,"h":34}},{"filename":"idle-9","frame":{"x":288,"y":34,"w":32,"h":34},"rotated":false,"trimmed":false,"spriteSourceSize":{"x":0,"y":0,"w":32,"h":34},"sourceSize":{"w":32,"h":34}},{"filename":"idle-10","frame":{"x":320,"y":34,"w":32,"h":34},"rotated":false,"trimmed":false,"spriteSourceSize":{"x":0,"y":0,"w":32,"h":34},"sourceSize":{"w":32,"h":34}},{"filename":"idle-11","frame":{"x":352,"y":34,"w":32,"h":34},"rotated":false,"trimmed":false,"spriteSourceSize":{"x":0,"y":0,"w":32,"h":34},"sourceSize":{"w":32,"h":34}},{"filename":"idle-12","frame":{"x":384,"y":34,"w":32,"h":34},"rotated":false,"trimmed":false,"spriteSourceSize":{"x":0,"y":0,"w":32,"h":34},"sourceSize":{"w":32,"h":34}},{"filename":"hit-0","frame":{"x":0,"y":68,"w":32,"h":34},"rotated":false,"trimmed":false,"spriteSourceSize":{"x":0,"y":0,"w":32,"h":34},"sourceSize":{"w":32,"h":34}},{"filename":"hit-1","frame":{"x":32,"y":68,"w":32,"h":34},"rotated":false,"trimmed":false,"spriteSourceSize":{"x":0,"y":0,"w":32,"h":34},"sourceSize":{"w":32,"h":34}},{"filename":"hit-2","frame":{"x":64,"y":68,"w":32,"h":34},"rotated":false,"trimmed":false,"spriteSourceSize":{"x":0,"y":0,"w":32,"h":34},"sourceSize":{"w":32,"h":34}},{"filename":"hit-3","frame":{"x":96,"y":68,"w":32,"h":34},"rotated":false,"trimmed":false,"spriteSourceSize":{"x":0,"y":0,"w":32,"h":34},"sourceSize":{"w":32,"h":34}},{"filename":"hit-4","frame":{"x":128,"y":68,"w":32,"h":34},"rotated":false,"trimmed":false,"spriteSourceSize":{"x":0,"y":0,"w":32,"h":34},"sourceSize":{"w":32,"h":34}}],"meta":{"app":"https://www.leshylabs.com/apps/sstool/","version":"Leshy SpriteSheet Tool v0.8.4","image":"chicken.png","size":{"w":448,"h":102},"scale":1}}